Domain,first_seen,last_seen,occurrences
hxxps://api-gateway-prod.com,2025/11/29T06:44:59Z,2025/12/11T17:01:23Z,6
hxxp://91.215.85.42:3000,2025/12/05T19:19:59Z,2025/12/08T00:33:35Z,4
hxxp://173.249.8.102/,2025/12/06T16:53:47Z,2025/12/06T16:53:47Z,1
hxxp://173.249.8.102,2025/12/06T16:54:23Z,2025/12/06T20:02:35Z,2
hxxps://grabify.link/SEFKGU,2025/12/08T00:22:23Z,2025/12/08T00:22:23Z,1
hxxps://grabify.link/SEFKGU?dry87932wydes/fdsgdsfdsjfkl,2025/12/08T00:24:11Z,2025/12/08T00:24:11Z,1
hxxp://91.221.190.12,2025/12/11T15:36:59Z,2025/12/11T15:36:59Z,1
hxxps://gateway001kir.com,2025/12/11T16:48:23Z,2026/01/19T12:27:47Z,6
hxxps://jariosos.com,2025/12/17T11:33:11Z,2026/02/14T09:54:35Z,4
hxxps://api-gateway-softupdate.io,2025/12/20T00:23:47Z,2025/12/20T00:23:47Z,1
hxxp://135.125.255.55,2026/01/03T12:46:23Z,2026/03/02T13:13:23Z,3
hxxps://mymexico.social/,2026/01/12T10:36:59Z,2026/01/12T10:36:59Z,1
hxxps://mymexico.socia,2026/01/12T10:38:11Z,2026/01/12T10:38:11Z,1
hxxps://mymexico.social,2026/01/12T10:38:35Z,2026/01/12T10:38:35Z,1
hxxps://mbml-writer-info.info,2026/01/24T05:42:47Z,2026/01/26T17:13:11Z,3
hxxps://mmdis-worls.com,2026/01/26T14:39:59Z,2026/01/26T14:39:59Z,1
hxxps://sslgateway001.com,2026/02/02T22:05:23Z,2026/02/02T22:05:23Z,1
hxxps://microsoft-tools.com,2026/02/03T23:04:35Z,2026/02/03T23:05:23Z,2
hxxps://sistemablackatz.com,2026/02/04T19:43:11Z,2026/02/04T19:52:47Z,4
hxxps://hayesmed.com,2026/02/06T19:13:23Z,2026/02/06T19:13:35Z,2
hxxps://regancontrols.com,2026/02/16T11:56:35Z,2026/02/16T11:57:11Z,2
hxxps://salinasrent.com,2026/02/17T21:05:11Z,2026/02/18T21:04:11Z,2
hxxps://justtalken.com,2026/02/17T21:33:59Z,2026/02/17T21:33:59Z,1
hxxp://jariosos.com/,2026/02/19T13:36:23Z,2026/02/19T13:36:23Z,1
hxxp://193.233.126.94,2026/02/19T13:46:47Z,2026/03/04T13:13:47Z,2
hxxps://mebeliotmasiv.com,2026/02/19T22:18:23Z,2026/02/19T22:18:23Z,1
hxxps://waygatterol002.com,2026/02/19T22:59:23Z,2026/02/26T02:33:59Z,6
hxxps://euclidrent.com,2026/02/23T10:19:23Z,2026/02/25T23:28:11Z,2
hxxps://o-parana.com,2026/02/25T23:07:59Z,2026/02/25T23:31:47Z,2
hxxps://palshona.com,2026/03/02T11:16:47Z,2026/03/04T13:31:47Z,2
hxxps://chjunhao.com,2026/03/03T12:27:47Z,2026/03/03T12:27:47Z,1
hxxps://wpuadmin.shop,2026/03/06T11:59:11Z,2026/03/06T11:59:11Z,1
hxxps://aurineuroth.com,2026/03/09T11:12:35Z,2026/03/09T11:12:35Z,1
hxxps://bermanlawrsk.com,2026/03/09T11:44:47Z,2026/03/09T11:45:11Z,2
mastluner.club,2026/03/11T17:31:11Z,2026/03/11T17:31:11Z,1
hxxps://mastluner.club,2026/03/11T17:35:11Z,2026/03/11T17:35:11Z,1
hxxps://sjrhs.org,2026/03/11T22:40:35Z,2026/03/11T22:40:35Z,1
hxxps://appstartlabs.com,2026/03/16T07:50:59Z,2026/03/16T07:50:59Z,1
hxxps://lepaniermagic.com,2026/03/16T10:36:59Z,2026/03/16T10:36:59Z,1
hxxps://aabstone.com,2026/03/16T22:21:23Z,2026/03/16T22:23:35Z,2
hxxps://bdstop.net,2026/03/17T19:01:59Z,2026/03/17T19:01:59Z,1
hxxps://9jaarenaxtra.com,2026/03/17T21:15:11Z,2026/03/17T21:15:11Z,1
hxxps://ahdaratlegalservices.com,2026/03/18T14:48:23Z,2026/03/18T14:48:23Z,1
hxxps://johnguava.com,2026/03/18T17:26:11Z,2026/03/18T17:26:11Z,1
hxxps://ameenafshin.com,2026/03/18T20:10:35Z,2026/03/18T20:10:35Z,1
hxxps://solidactivate.com,2026/03/18T22:42:11Z,2026/03/23T19:08:59Z,3
hxxps://fastgamesltd.club,2026/03/19T07:22:47Z,2026/03/19T07:22:47Z,1
hxxps://logevents.club,2026/03/19T11:50:47Z,2026/03/19T11:50:59Z,2
hxxps://okhash.org,2026/03/19T12:04:59Z,2026/03/19T12:04:59Z,1
hxxps://egyptinfo.shop,2026/03/19T16:40:59Z,2026/03/19T16:40:59Z,1
hxxps://twicegrand.com,2026/03/23T17:40:11Z,2026/03/23T17:40:11Z,1
hxxps://tokio-sallys.net,2026/03/23T18:34:23Z,2026/03/23T18:34:23Z,1
hxxps://dealing-economics-enrollment-firms.trycloudflare.com,2026/03/25T13:38:11Z,2026/03/26T16:41:11Z,8
hxxps://advocacy.microsoft.com,2026/03/25T14:16:47Z,2026/04/02T19:52:35Z,15
hxxps://dreambigworkharddomore.com,2026/03/26T09:51:47Z,2026/03/27T12:58:11Z,4
hxxps://permission-resident-lots-ebooks.trycloudflare.com,2026/03/26T17:49:35Z,2026/03/27T10:59:11Z,3
hxxps://apparatus-contributions-understood-accommodation.trycloudflare.com,2026/03/27T14:04:23Z,2026/03/27T19:07:59Z,2
hxxps://depot-reunion-listings-targets.trycloudflare.com,2026/03/30T22:10:11Z,2026/03/30T22:10:11Z,1
hxxps://peterson-assets-visible-secrets.trycloudflare.com,2026/03/31T08:44:11Z,2026/03/31T08:44:11Z,1
hxxps://5ppljcs.microsoft.com,2026/03/31T09:41:11Z,2026/04/03T10:36:47Z,9
hxxps://luminer.work,2026/03/31T10:00:11Z,2026/03/31T10:19:35Z,2
hxxps://fluxnet.life,2026/03/31T10:55:11Z,2026/03/31T13:14:47Z,3
hxxps://extended-king-tone-polar.trycloudflare.com,2026/03/31T12:38:23Z,2026/03/31T12:38:23Z,1
hxxps://cerumo.shop,2026/03/31T14:55:35Z,2026/03/31T23:39:35Z,2
hxxps://millersteel.digital,2026/04/01T08:28:47Z,2026/04/02T02:22:47Z,2
hxxps://terminal-labels-fan-witness.trycloudflare.com,2026/04/02T07:12:59Z,2026/04/02T07:12:59Z,1
hxxps://imported-spread-amplifier-chemicals.trycloudflare.com,2026/04/02T17:55:59Z,2026/04/02T17:56:11Z,2
